Beyblade1_x,Beyblade1_y,Beyblade1_pos_diff,Beyblade1_array_diff,Beyblade1_conf,Beyblade2_x,Beyblade2_y,Beyblade2_pos_diff,Beyblade2_array_diff,Beyblade2_conf,Timeframe,Timestamp,Status_collision,Count_collision
261,222,0.0,0.0,0.9407272338867188,433,251,0.0,0.0,0.9155623316764832,1.7333333333333334,0.0,No Collision,0
244,238,-5.0,23.35,0.9266687631607056,447,275,-0.14,27.78,0.9169795513153076,1.7666666666666666,0.03333333333333333,No Collision,0
233,258,-3.87,22.83,0.9367608428001404,464,303,-2.65,32.76,0.9199908375740051,1.8,0.06666666666666667,No Collision,0
235,266,-1.27,8.25,0.9349316954612732,473,319,-1.1,18.36,0.9262126684188843,1.8333333333333333,0.1,No Collision,0
260,269,6.03,25.18,0.9321545362472534,487,333,-4.79,19.8,0.9330359697341919,1.8666666666666667,0.13333333333333333,No Collision,0
293,271,8.32,33.06,0.9387442469596863,502,347,-3.59,20.52,0.9322668313980103,1.9,0.16666666666666666,No Collision,0
316,271,0.22,23.0,0.9141698479652405,511,354,-3.17,11.4,0.9274306297302246,1.9333333333333333,0.2,No Collision,0
345,272,2.8,29.02,0.917299747467041,524,360,-0.62,14.32,0.920101523399353,1.9666666666666666,0.23333333333333334,No Collision,0
374,274,0.18,29.07,0.9166196584701538,538,361,0.15,14.04,0.917110800743103,2.0,0.26666666666666666,No Collision,0
393,276,-1.32,19.1,0.9257641434669495,547,361,0.94,9.0,0.8931357860565186,2.033333333333333,0.3,No Collision,0
413,276,0.26,20.0,0.9262908697128296,559,358,2.44,12.37,0.8971017003059387,2.066666666666667,0.3333333333333333,No Collision,0
429,274,-0.4,16.12,0.9049079418182373,571,353,-1.29,13.0,0.9309160113334656,2.1,0.36666666666666664,No Collision,0
438,272,-0.16,9.22,0.9144822359085083,576,349,-0.02,6.4,0.9364097118377686,2.1333333333333333,0.4,No Collision,0
441,269,0.08,4.24,0.9300038814544678,575,341,-0.0,8.06,0.9087303280830383,2.1666666666666665,0.43333333333333335,No Collision,0
439,265,0.08,4.47,0.9299083352088928,572,331,1.9,10.44,0.9068875908851624,2.2,0.4666666666666667,No Collision,0
434,261,0.31,6.4,0.9294307827949524,567,323,1.21,9.43,0.9219369292259216,2.2333333333333334,0.5,No Collision,0
423,255,0.26,12.53,0.9151760339736938,557,317,1.91,11.66,0.9259353876113892,2.2666666666666666,0.5333333333333333,No Collision,0
407,249,0.2,17.09,0.9316785335540771,544,311,0.25,14.32,0.9247321486473083,2.3,0.5666666666666667,No Collision,0
396,246,-0.41,11.4,0.9167032241821289,533,308,-0.19,11.4,0.926365852355957,2.3333333333333335,0.6,No Collision,0
380,243,-0.81,16.28,0.9311647415161133,515,306,-0.66,18.11,0.9306187629699707,2.3666666666666667,0.6333333333333333,No Collision,0
363,242,-0.07,17.03,0.9374837279319763,493,307,0.03,22.02,0.9442421793937683,2.4,0.6666666666666666,No Collision,0
351,241,-0.66,12.04,0.9332977533340454,477,308,-0.28,16.03,0.9182865023612976,2.433333333333333,0.7,No Collision,0
337,244,-0.56,14.32,0.9268588423728943,456,310,-1.28,21.1,0.9190883040428162,2.466666666666667,0.7333333333333333,No Collision,0
323,248,-0.58,14.56,0.9359294176101685,434,313,0.28,22.2,0.9302858710289001,2.5,0.7666666666666667,No Collision,0
314,252,-0.7,9.85,0.9326862096786499,420,315,-0.57,14.14,0.9271610379219055,2.533333333333333,0.8,No Collision,0
305,257,-2.11,10.3,0.9321852922439575,404,317,-0.53,16.12,0.9314267635345459,2.566666666666667,0.8333333333333334,No Collision,0
297,264,-0.18,10.63,0.934628427028656,388,321,1.82,16.49,0.9276768565177917,2.6,0.8666666666666667,No Collision,0
292,269,-0.48,7.07,0.930145800113678,378,322,-0.46,10.05,0.9329766631126404,2.6333333333333333,0.9,No Collision,0
290,277,-1.13,8.25,0.9107922315597534,369,325,-1.54,9.49,0.922343909740448,2.6666666666666665,0.9333333333333333,Collision,1
286,278,-1.48,4.12,0.9209743142127991,366,333,-1.13,8.54,0.8862621784210205,2.7,0.9666666666666667,Collision,2
283,277,-0.36,3.16,0.9258697032928467,367,343,-2.82,10.05,0.9150516390800476,2.7333333333333334,1.0,No Collision,2
282,276,-0.04,1.41,0.9244723916053772,372,353,-1.26,11.18,0.909476637840271,2.7666666666666666,1.0333333333333334,No Collision,2
285,275,0.77,3.16,0.9274585247039795,379,363,0.18,12.21,0.8869990110397339,2.8,1.0666666666666667,No Collision,2
289,275,0.08,4.0,0.944802463054657,385,370,-0.91,9.22,0.8397225141525269,2.8333333333333335,1.1,No Collision,2
299,275,1.53,10.0,0.9224581122398376,393,374,0.22,8.94,0.7554816603660583,2.8666666666666667,1.1333333333333333,No Collision,2
310,277,1.3,11.18,0.9245125651359558,405,375,1.05,12.04,0.8091170191764832,2.9,1.1666666666666667,No Collision,2
319,277,-0.44,9.0,0.9235956072807312,415,375,-0.2,10.0,0.7464049458503723,2.933333333333333,1.2,No Collision,2
331,276,1.21,12.04,0.9318786859512329,423,371,0.5,8.94,0.8865177035331726,2.966666666666667,1.2333333333333334,No Collision,2
345,275,0.19,14.04,0.9196138381958008,431,362,0.37,12.04,0.9037983417510986,3.0,1.2666666666666666,No Collision,2
354,272,-0.53,9.49,0.9289262294769287,435,355,1.13,8.06,0.9149861931800842,3.033333333333333,1.3,No Collision,2
363,266,1.23,10.82,0.9260904788970947,436,340,4.69,15.03,0.9138664603233337,3.066666666666667,1.3333333333333333,Collision,3
372,256,0.07,13.45,0.918556809425354,432,328,-1.05,12.65,0.928775429725647,3.1,1.3666666666666667,Collision,4
378,248,0.86,10.0,0.9267289042472839,427,317,-3.66,12.08,0.9388879537582397,3.1333333333333333,1.4,Collision,5
382,233,0.26,15.52,0.9052711129188538,422,309,1.55,9.43,0.9312934279441833,3.1666666666666665,1.4333333333333333,Collision,6
383,213,0.18,20.02,0.9125983119010925,413,306,3.19,9.49,0.9252951145172119,3.2,1.4666666666666666,Collision,7
382,199,0.78,14.04,0.9242795705795288,406,304,0.95,7.28,0.9219010472297668,3.2333333333333334,1.5,No Collision,7
379,181,0.24,18.25,0.918712317943573,397,303,-0.15,9.06,0.9181414842605591,3.2666666666666666,1.5333333333333334,No Collision,7
374,166,-0.06,15.81,0.921502411365509,385,303,-0.61,12.0,0.9313689470291138,3.3,1.5666666666666667,No Collision,7
370,157,-0.3,9.85,0.9185379147529602,377,303,-0.56,8.0,0.9251536726951599,3.3333333333333335,1.6,No Collision,7
363,148,-0.2,11.4,0.9388083219528198,366,304,-0.37,11.05,0.9280324578285217,3.3666666666666667,1.6333333333333333,No Collision,7
355,141,0.21,10.63,0.9299746155738831,357,305,-0.22,9.06,0.9363473057746887,3.4,1.6666666666666667,No Collision,7
348,136,0.27,8.6,0.921617865562439,351,305,0.14,6.0,0.9283266067504883,3.433333333333333,1.7,No Collision,7
340,135,-0.37,8.06,0.9369154572486877,346,306,-0.48,5.1,0.9256514310836792,3.466666666666667,1.7333333333333334,No Collision,7
332,139,-0.42,8.94,0.9287952780723572,341,307,-0.74,5.1,0.9250749945640564,3.5,1.7666666666666666,No Collision,7
328,142,-0.53,5.0,0.9292929768562317,339,308,-0.26,2.24,0.9317556023597717,3.533333333333333,1.8,No Collision,7
324,150,0.92,8.94,0.9259811043739319,337,308,0.03,2.0,0.9300832748413086,3.566666666666667,1.8333333333333333,No Collision,7
323,159,0.65,9.06,0.9323199987411499,336,308,-0.06,1.0,0.9298321604728699,3.6,1.8666666666666667,No Collision,7
323,166,-0.0,7.0,0.9291830658912659,336,308,-0.11,0.0,0.9301763772964478,3.6333333333333333,1.9,No Collision,7
324,177,0.96,11.05,0.9220384359359741,337,308,0.39,1.0,0.9345850348472595,3.6666666666666665,1.9333333333333333,No Collision,7
329,188,0.0,12.08,0.923596203327179,340,306,0.75,3.61,0.9237363934516907,3.7,1.9666666666666666,No Collision,7
333,195,-0.05,8.06,0.9136396646499634,341,302,0.81,4.12,0.9326431751251221,3.7333333333333334,2.0,No Collision,7
341,202,1.62,10.63,0.9245282411575317,344,297,-0.66,5.83,0.9267536401748657,3.7666666666666666,2.033333333333333,Collision,8
352,208,1.93,12.53,0.9089926481246948,348,291,-0.68,7.21,0.9206980466842651,3.8,2.066666666666667,Collision,9
361,210,1.2,9.22,0.911109983921051,350,287,1.08,4.47,0.9216666221618652,3.8333333333333335,2.1,Collision,10
375,209,0.21,14.04,0.9108041524887085,350,284,-0.25,3.0,0.9196462035179138,3.8666666666666667,2.1333333333333333,Collision,11
389,203,-1.03,15.23,0.9071512222290039,351,280,-0.35,4.12,0.9313009977340698,3.9,2.1666666666666665,Collision,12
399,198,-0.4,11.18,0.9122030138969421,352,275,0.76,5.1,0.9338845610618591,3.933333333333333,2.2,Collision,13
411,192,1.31,13.42,0.9204126000404358,355,269,2.77,6.71,0.9184688925743103,3.966666666666667,2.2333333333333334,Collision,14
422,185,-0.13,13.04,0.9225745797157288,356,262,1.11,7.07,0.9281360507011414,4.0,2.2666666666666666,Collision,15
429,178,0.26,9.9,0.9235284328460693,357,256,0.84,6.08,0.9284862875938416,4.033333333333333,2.3,Collision,16
436,172,0.12,9.22,0.9274458885192871,359,249,0.21,7.28,0.9159271717071533,4.066666666666666,2.3333333333333335,Collision,17
441,166,1.25,7.81,0.9253466725349426,359,242,0.58,7.0,0.9142870903015137,4.1,2.3666666666666667,No Collision,17
444,160,0.9,6.71,0.9295372366905212,359,237,0.11,5.0,0.9235702157020569,4.133333333333334,2.4,No Collision,17
444,155,0.2,5.0,0.9316574335098267,358,231,0.9,6.08,0.9228927493095398,4.166666666666667,2.433333333333333,No Collision,17
442,151,1.0,4.47,0.9267026782035828,357,225,0.25,6.08,0.9109284281730652,4.2,2.466666666666667,No Collision,17
439,148,0.12,4.24,0.9233399629592896,356,221,-0.06,4.12,0.9151865243911743,4.233333333333333,2.5,No Collision,17
434,145,2.42,5.83,0.9244287014007568,353,218,0.16,4.24,0.9281197190284729,4.266666666666667,2.533333333333333,No Collision,17
426,143,0.16,8.25,0.9159628748893738,351,213,-0.51,5.39,0.9285777807235718,4.3,2.566666666666667,Collision,18
419,143,-0.38,7.0,0.9144933223724365,350,210,-0.18,3.16,0.9227726459503174,4.333333333333333,2.6,Collision,19
413,145,0.22,6.32,0.9079697132110596,348,207,0.8,3.61,0.9260231852531433,4.366666666666666,2.6333333333333333,Collision,20
408,149,0.33,6.4,0.897589921951294,347,206,0.89,1.41,0.9251469373703003,4.4,2.6666666666666665,Collision,21
408,152,-0.65,3.0,0.9135094285011292,345,206,-0.69,2.0,0.9325730204582214,4.433333333333334,2.7,Collision,22
416,156,-0.05,8.94,0.9203099012374878,343,210,-0.06,4.47,0.9300315976142883,4.466666666666667,2.7333333333333334,Collision,23
427,161,-0.42,12.08,0.9249887466430664,342,213,0.99,3.16,0.9274579882621765,4.5,2.7666666666666666,No Collision,23
435,164,-0.89,8.54,0.9225241541862488,343,215,0.18,2.24,0.9312965273857117,4.533333333333333,2.8,No Collision,23
446,168,0.36,11.7,0.9297325015068054,344,219,0.31,4.12,0.9220261573791504,4.566666666666666,2.8333333333333335,No Collision,23
459,170,-0.09,13.15,0.9297971129417419,349,223,0.73,6.4,0.9181599020957947,4.6,2.8666666666666667,No Collision,23
467,172,0.5,8.25,0.9401759505271912,353,226,0.29,5.0,0.9189109206199646,4.633333333333334,2.9,No Collision,23
477,175,0.14,10.44,0.9238429665565491,359,228,0.22,6.32,0.9259158968925476,4.666666666666667,2.933333333333333,No Collision,23
486,177,-0.2,9.22,0.9131550788879395,367,231,0.1,8.54,0.9188254475593567,4.7,2.966666666666667,No Collision,23
492,177,-0.79,6.0,0.9207087755203247,374,233,0.15,7.28,0.9218076467514038,4.733333333333333,3.0,No Collision,23
498,178,-0.15,6.08,0.9347516298294067,383,234,0.36,9.06,0.9279599189758301,4.766666666666667,3.033333333333333,No Collision,23
503,177,-0.27,5.1,0.9214771389961243,394,234,-0.02,11.0,0.9233936071395874,4.8,3.066666666666667,No Collision,23
506,177,-1.03,3.0,0.9171353578567505,401,234,0.14,7.0,0.9288173913955688,4.833333333333333,3.1,No Collision,23
508,176,-1.41,2.24,0.9042185544967651,411,232,0.7,10.2,0.918106734752655,4.866666666666666,3.1333333333333333,No Collision,23
509,175,-0.27,1.41,0.9026589393615723,421,228,-0.54,10.77,0.9263538122177124,4.9,3.1666666666666665,No Collision,23
510,175,-0.12,1.0,0.8869667649269104,428,226,-0.21,7.28,0.9293619990348816,4.933333333333334,3.2,Collision,24
509,175,0.02,1.0,0.8925150632858276,434,221,-0.84,7.81,0.9266623258590698,4.966666666666667,3.2333333333333334,Collision,25
513,173,-0.72,4.47,0.9333013892173767,437,218,-0.23,4.24,0.9217120409011841,5.0,3.2666666666666666,Collision,26
515,172,-0.41,2.24,0.9306580424308777,438,216,0.06,2.24,0.922752857208252,5.033333333333333,3.3,Collision,27
517,171,-0.09,2.24,0.9270573258399963,439,214,0.28,2.24,0.9226937294006348,5.066666666666666,3.3333333333333335,Collision,28
517,170,0.09,1.0,0.9279624819755554,439,213,-0.28,1.0,0.9235926866531372,5.1,3.3666666666666667,Collision,29
516,169,-0.62,1.41,0.9346992373466492,439,212,-0.25,1.0,0.9252406358718872,5.133333333333334,3.4,Collision,30
512,168,-0.18,4.12,0.9371214509010315,438,211,-0.11,1.41,0.923942506313324,5.166666666666667,3.433333333333333,Collision,31
511,168,-0.07,1.0,0.9371809363365173,434,211,-0.79,4.0,0.9230207204818726,5.2,3.466666666666667,Collision,32
509,170,-0.55,2.83,0.9257575869560242,431,212,-0.08,3.16,0.925248384475708,5.233333333333333,3.5,Collision,33
507,177,-0.04,7.28,0.9102688431739807,427,214,0.34,4.47,0.9301955699920654,5.266666666666667,3.533333333333333,Collision,34
503,190,-0.54,13.6,0.929527997970581,422,219,-0.8,7.07,0.9333882927894592,5.3,3.566666666666667,No Collision,34
501,199,-0.5,9.22,0.9245750308036804,420,222,0.09,3.61,0.9288507103919983,5.333333333333333,3.6,No Collision,34
500,211,0.3,12.04,0.9285444617271423,416,226,0.47,5.66,0.914423942565918,5.366666666666666,3.6333333333333333,No Collision,34
500,223,-0.5,12.0,0.9207387566566467,413,232,0.23,6.71,0.9181890487670898,5.4,3.6666666666666665,No Collision,34
501,231,-0.11,8.06,0.924660325050354,412,236,0.04,4.12,0.9161872863769531,5.433333333333334,3.7,No Collision,34
502,242,-0.29,11.05,0.925879180431366,410,243,-0.41,7.28,0.9133580327033997,5.466666666666667,3.7333333333333334,No Collision,34
505,252,-0.15,10.44,0.9418087601661682,409,250,-0.15,7.07,0.9220159649848938,5.5,3.7666666666666666,No Collision,34
507,259,-1.18,7.28,0.9346343874931335,410,255,-0.05,5.1,0.924778938293457,5.533333333333333,3.8,No Collision,34
511,266,-0.45,8.06,0.9226333498954773,412,260,-0.34,5.39,0.9261617064476013,5.566666666666666,3.8333333333333335,No Collision,34
516,275,-1.7,10.3,0.9242252111434937,415,266,-0.06,6.71,0.9270541667938232,5.6,3.8666666666666667,No Collision,34
522,282,-0.34,9.22,0.9339597821235657,420,272,-0.27,7.81,0.9369516968727112,5.633333333333334,3.9,No Collision,34
526,286,-0.42,5.66,0.9348744750022888,423,275,-0.14,4.24,0.9354419112205505,5.666666666666667,3.933333333333333,No Collision,34
531,289,-0.72,5.83,0.9432210326194763,427,279,-0.37,5.66,0.933098316192627,5.7,3.966666666666667,No Collision,34
535,290,-0.61,4.12,0.9374801516532898,433,281,-0.1,6.32,0.9247078895568848,5.733333333333333,4.0,No Collision,34
537,289,-0.14,2.24,0.93227618932724,436,282,-0.37,3.16,0.9251911044120789,5.766666666666667,4.033333333333333,No Collision,34
541,288,-1.79,4.12,0.9317838549613953,440,282,0.11,4.0,0.9279583692550659,5.8,4.066666666666666,No Collision,34
542,285,-0.67,3.16,0.9301825165748596,444,281,-0.26,4.12,0.9269864559173584,5.833333333333333,4.1,No Collision,34
541,282,-0.33,3.16,0.927870512008667,447,279,0.03,3.61,0.9296387434005737,5.866666666666666,4.133333333333334,No Collision,34
537,278,0.31,5.66,0.9323052763938904,449,277,-0.61,2.83,0.9185743927955627,5.9,4.166666666666667,No Collision,34
539,278,0.32,2.0,0.9277705550193787,442,275,-1.44,7.28,0.9202396869659424,5.933333333333334,4.2,No Collision,34
542,278,0.12,3.0,0.9264931678771973,433,271,-0.26,9.85,0.9217881560325623,5.966666666666667,4.233333333333333,No Collision,34
544,278,0.1,2.0,0.9264978766441345,421,267,-0.2,12.65,0.922586977481842,6.0,4.266666666666667,No Collision,34
541,277,-0.2,3.16,0.9237962961196899,409,265,-0.29,12.17,0.9325584769248962,6.033333333333333,4.3,No Collision,34
537,276,0.48,4.12,0.9314096570014954,401,263,0.13,8.25,0.9283779859542847,6.066666666666666,4.333333333333333,No Collision,34
530,275,0.81,7.07,0.9313288927078247,389,261,-0.24,12.17,0.9256446957588196,6.1,4.366666666666666,No Collision,34
521,275,0.32,9.0,0.9292657375335693,378,260,-0.12,11.05,0.9224818348884583,6.133333333333334,4.4,No Collision,34
513,274,0.22,8.06,0.9355912208557129,370,260,-0.2,8.0,0.928730309009552,6.166666666666667,4.433333333333334,No Collision,34
505,275,0.33,8.06,0.9196151494979858,361,259,-0.29,9.06,0.9271442890167236,6.2,4.466666666666667,No Collision,34
495,278,-0.33,10.44,0.9344011545181274,352,260,0.02,9.06,0.9209275245666504,6.233333333333333,4.5,No Collision,34
488,281,-0.17,7.62,0.9388035535812378,346,261,-0.04,6.08,0.9218580722808838,6.266666666666667,4.533333333333333,No Collision,34
478,287,0.42,11.66,0.9158703684806824,339,263,-0.27,7.28,0.9337983131408691,6.3,4.566666666666666,No Collision,34
468,294,-0.75,12.21,0.9419259428977966,334,264,-0.15,5.1,0.9216600656509399,6.333333333333333,4.6,No Collision,34
462,300,-0.53,8.49,0.9302124977111816,330,265,0.01,4.12,0.917741596698761,6.366666666666666,4.633333333333334,No Collision,34
455,306,-1.01,9.22,0.928564727306366,328,267,0.17,2.83,0.9136074185371399,6.4,4.666666666666667,No Collision,34
449,313,-0.6,9.22,0.9366994500160217,326,270,-0.23,3.61,0.9159758687019348,6.433333333333334,4.7,No Collision,34
444,317,1.96,6.4,0.9471161961555481,326,272,0.24,2.0,0.9168383479118347,6.466666666666667,4.733333333333333,No Collision,34
440,322,1.77,6.4,0.9367857575416565,328,274,-0.05,2.83,0.9209673404693604,6.5,4.766666666666667,No Collision,34
436,324,0.68,4.47,0.9344178438186646,330,275,-0.05,2.24,0.9221741557121277,6.533333333333333,4.8,No Collision,34
434,326,-0.09,2.83,0.9319208264350891,333,274,0.29,3.16,0.9236961007118225,6.566666666666666,4.833333333333333,No Collision,34
432,328,0.21,2.83,0.9236366152763367,337,274,0.39,4.0,0.9182737469673157,6.6,4.866666666666666,No Collision,34
431,330,-0.32,2.24,0.9174911975860596,343,273,0.42,6.08,0.9074738025665283,6.633333333333334,4.9,No Collision,34
431,330,-0.17,0.0,0.9188752770423889,347,273,0.1,4.0,0.8999956846237183,6.666666666666667,4.933333333333334,No Collision,34
431,330,-0.9,0.0,0.9206858277320862,354,269,1.56,8.06,0.8379955887794495,6.7,4.966666666666667,Collision,35
431,328,-0.86,2.0,0.9275031089782715,362,264,0.1,9.43,0.8898423314094543,6.733333333333333,5.0,Collision,36
430,325,0.04,3.16,0.936914324760437,368,262,0.33,6.32,0.9028324484825134,6.766666666666667,5.033333333333333,Collision,37
431,322,-1.56,3.16,0.9329375624656677,376,255,0.91,10.63,0.8992358446121216,6.8,5.066666666666666,Collision,38
430,320,-0.74,2.24,0.931643545627594,384,248,0.26,10.63,0.8742814660072327,6.833333333333333,5.1,Collision,39
429,318,-0.33,2.24,0.9338611960411072,388,241,0.5,8.06,0.9188403487205505,6.866666666666666,5.133333333333334,Collision,40
424,314,-3.21,6.4,0.924485445022583,396,234,0.5,10.63,0.9140045642852783,6.9,5.166666666666667,Collision,41
414,308,-0.38,11.66,0.9161569476127625,401,227,0.21,8.6,0.8954553008079529,6.933333333333334,5.2,Collision,42
406,303,0.8,9.43,0.9235339760780334,404,221,0.56,6.71,0.900682270526886,6.966666666666667,5.233333333333333,Collision,43
396,298,1.04,11.18,0.9169493913650513,408,216,0.55,6.4,0.9084796905517578,7.0,5.266666666666667,Collision,44
382,293,0.37,14.87,0.9252126812934875,412,209,0.22,8.06,0.8984029293060303,7.033333333333333,5.3,Collision,45
374,290,1.05,8.54,0.9270158410072327,414,205,0.7,4.47,0.8969958424568176,7.066666666666666,5.333333333333333,Collision,46
362,287,1.44,12.37,0.9156007766723633,416,199,1.16,6.32,0.9148240089416504,7.1,5.366666666666666,Collision,47
351,286,0.9,11.05,0.9218047857284546,418,192,0.98,7.28,0.9140803813934326,7.133333333333334,5.4,No Collision,47
343,286,-0.32,8.0,0.9260770678520203,418,188,0.3,4.0,0.9134967923164368,7.166666666666667,5.433333333333334,No Collision,47
335,288,0.44,8.25,0.9392125606536865,418,183,-0.43,5.0,0.8838141560554504,7.2,5.466666666666667,No Collision,47
330,290,-0.15,5.39,0.9231881499290466,417,178,-0.41,5.1,0.8635724186897278,7.233333333333333,5.5,No Collision,47
327,292,0.32,3.61,0.9229437708854675,416,176,0.57,2.24,0.8940406441688538,7.266666666666667,5.533333333333333,No Collision,47
328,294,0.28,2.24,0.9269682765007019,414,173,0.4,3.61,0.9123002290725708,7.3,5.566666666666666,No Collision,47
331,296,-0.25,3.61,0.9446392059326172,412,171,0.16,2.83,0.9126571416854858,7.333333333333333,5.6,No Collision,47
334,296,0.07,3.0,0.9468135237693787,411,170,0.2,1.41,0.9128491282463074,7.366666666666666,5.633333333333334,No Collision,47
338,294,-0.21,4.47,0.9294013381004333,409,170,0.28,2.0,0.9178093075752258,7.4,5.666666666666667,No Collision,47
345,292,-0.09,7.28,0.9233320355415344,407,172,-0.2,2.83,0.9252272248268127,7.433333333333334,5.7,No Collision,47
349,290,0.37,4.47,0.9265992641448975,406,174,-0.08,2.24,0.9216323494911194,7.466666666666667,5.733333333333333,No Collision,47
355,286,0.21,7.21,0.9340230822563171,405,177,0.05,3.16,0.916684091091156,7.5,5.766666666666667,No Collision,47
361,283,-0.51,6.71,0.9414504766464233,406,182,0.65,5.1,0.9189900159835815,7.533333333333333,5.8,No Collision,47
365,280,0.22,5.0,0.9379691481590271,406,186,0.42,4.0,0.9266297817230225,7.566666666666666,5.833333333333333,Collision,48
368,276,-0.78,5.0,0.9336967468261719,407,190,-1.35,4.12,0.921379566192627,7.6,5.866666666666666,Collision,49
372,269,1.25,8.06,0.9319615364074707,410,197,0.09,7.62,0.9058261513710022,7.633333333333334,5.9,Collision,50
371,265,0.06,4.12,0.9305252432823181,415,200,-0.17,5.83,0.9143468141555786,7.666666666666667,5.933333333333334,Collision,51
367,264,0.68,4.12,0.9189138412475586,424,199,0.91,9.06,0.925514280796051,7.7,5.966666666666667,Collision,52
364,261,1.01,4.24,0.9260481595993042,433,200,0.68,9.06,0.9240027666091919,7.733333333333333,6.0,Collision,53
363,259,0.13,2.24,0.9246684908866882,439,200,-0.08,6.0,0.936051070690155,7.766666666666667,6.033333333333333,Collision,54
363,257,0.57,2.0,0.9254112839698792,446,200,0.27,7.0,0.933330237865448,7.8,6.066666666666666,No Collision,54
364,254,0.47,3.16,0.926211953163147,452,200,0.12,6.0,0.9311749935150146,7.833333333333333,6.1,No Collision,54
365,253,-0.17,1.41,0.9266085028648376,457,200,-0.18,5.0,0.9286881685256958,7.866666666666666,6.133333333333334,No Collision,54
368,251,0.26,3.61,0.9230672121047974,462,201,-0.11,5.1,0.9332494735717773,7.9,6.166666666666667,No Collision,54
371,248,0.17,4.24,0.9166892766952515,467,201,-0.53,5.0,0.937426745891571,7.933333333333334,6.2,No Collision,54
372,245,-0.09,3.16,0.9209166765213013,469,201,-0.42,2.0,0.9384748339653015,7.966666666666667,6.233333333333333,No Collision,54
375,242,0.79,4.24,0.9288297295570374,473,202,-0.98,4.12,0.9240670800209045,8.0,6.266666666666667,No Collision,54
377,239,0.18,3.61,0.927131712436676,476,204,0.09,3.61,0.9241513013839722,8.033333333333333,6.3,No Collision,54
379,237,-0.01,2.83,0.9290049076080322,477,205,-0.22,1.41,0.9258421659469604,8.066666666666666,6.333333333333333,No Collision,54
381,234,0.2,3.61,0.9257510304450989,478,208,-0.34,3.16,0.9269184470176697,8.1,6.366666666666666,No Collision,54
384,232,0.16,3.61,0.9273537397384644,478,210,-0.45,2.0,0.9272776246070862,8.133333333333333,6.4,No Collision,54
385,230,-0.05,2.24,0.9283693432807922,479,212,0.08,2.24,0.92726731300354,8.166666666666666,6.433333333333334,No Collision,54
387,228,0.0,2.83,0.9259991645812988,478,216,0.13,4.12,0.9323617815971375,8.2,6.466666666666667,No Collision,54
388,226,0.03,2.24,0.9184473156929016,478,220,-0.05,4.0,0.9407273530960083,8.233333333333333,6.5,No Collision,54
389,224,0.28,2.24,0.9201352596282959,478,224,-0.27,4.0,0.9244416356086731,8.266666666666667,6.533333333333333,No Collision,54
390,221,0.18,3.16,0.9296084046363831,476,227,-1.47,3.61,0.9195659756660461,8.3,6.566666666666666,No Collision,54
392,218,-0.07,3.61,0.9180744886398315,476,233,-0.36,6.0,0.9278514981269836,8.333333333333334,6.6,Collision,55
392,216,0.42,2.0,0.9149015545845032,475,237,-0.51,4.12,0.9305835962295532,8.366666666666667,6.633333333333334,No Collision,55
394,214,0.2,2.83,0.918099582195282,475,243,-1.12,6.0,0.9265471696853638,8.4,6.666666666666667,Collision,56
396,211,-0.05,3.61,0.9182689189910889,475,250,-0.33,7.0,0.9238989353179932,8.433333333333334,6.7,Collision,57
398,209,0.44,2.83,0.9154453277587891,475,254,-0.29,4.0,0.9286392331123352,8.466666666666667,6.733333333333333,Collision,58
399,207,0.47,2.24,0.9017559289932251,476,259,-0.45,5.1,0.9278722405433655,8.5,6.766666666666667,Collision,59
401,205,0.0,2.83,0.9004320502281189,477,265,-0.44,6.08,0.9226109981536865,8.533333333333333,6.8,Collision,60
403,204,0.43,2.24,0.913192093372345,477,269,-1.51,4.0,0.9212105870246887,8.566666666666666,6.833333333333333,Collision,61
406,204,0.04,3.0,0.9227976202964783,478,273,0.06,4.12,0.9237468838691711,8.6,6.866666666666666,Collision,62
408,204,0.1,2.0,0.9231405854225159,479,278,-0.71,5.1,0.9266219139099121,8.633333333333333,6.9,Collision,63
409,204,0.08,1.0,0.9199054837226868,479,279,-0.57,1.0,0.9250081181526184,8.666666666666666,6.933333333333334,Collision,64
411,204,0.27,2.0,0.9151484966278076,478,282,-0.09,3.16,0.9295857548713684,8.7,6.966666666666667,Collision,65
414,203,-0.09,3.16,0.9117388129234314,478,285,-0.3,3.0,0.9279962182044983,8.733333333333333,7.0,Collision,66
416,204,0.19,2.24,0.9155791997909546,477,286,-0.51,1.41,0.9278832077980042,8.766666666666667,7.033333333333333,Collision,67
419,204,0.28,3.0,0.9168587327003479,475,287,-0.61,2.24,0.924100399017334,8.8,7.066666666666666,Collision,68
421,205,-0.01,2.24,0.9172250032424927,471,288,-1.0,4.12,0.9365929365158081,8.833333333333334,7.1,Collision,69
423,205,0.07,2.0,0.9184751510620117,468,289,-0.59,3.16,0.9304744005203247,8.866666666666667,7.133333333333334,Collision,70
426,205,0.82,3.0,0.9233611822128296,464,291,-0.06,4.47,0.9340437054634094,8.9,7.166666666666667,Collision,71
428,206,-0.01,2.24,0.9277751445770264,458,292,-0.27,6.08,0.919922947883606,8.933333333333334,7.2,Collision,72
430,206,0.15,2.0,0.927638828754425,453,293,0.02,5.1,0.9306731820106506,8.966666666666667,7.233333333333333,Collision,73
433,207,0.4,3.16,0.9178443551063538,446,292,0.23,7.07,0.9285438060760498,9.0,7.266666666666667,Collision,74
435,209,-0.12,2.83,0.9076142907142639,438,293,-0.11,8.06,0.9206393361091614,9.033333333333333,7.3,Collision,75
437,210,-0.02,2.24,0.9150062203407288,432,294,0.07,6.08,0.9248012900352478,9.066666666666666,7.333333333333333,Collision,76
440,211,-0.31,3.16,0.915675938129425,424,296,-0.76,8.25,0.9363283514976501,9.1,7.366666666666666,Collision,77
442,214,-0.4,3.61,0.9160000085830688,416,300,-0.34,8.94,0.934573233127594,9.133333333333333,7.4,Collision,78
443,216,0.09,2.24,0.9220672249794006,411,301,0.18,5.1,0.9270269274711609,9.166666666666666,7.433333333333334,Collision,79
445,218,-0.48,2.83,0.915264904499054,405,303,-0.28,6.32,0.9374650716781616,9.2,7.466666666666667,Collision,80
447,221,-0.25,3.61,0.9355095028877258,399,304,0.17,6.08,0.9394547939300537,9.233333333333333,7.5,Collision,81
449,223,-0.02,2.83,0.9313732981681824,397,306,-0.61,2.83,0.9322097897529602,9.266666666666667,7.533333333333333,Collision,82
451,226,-0.23,3.61,0.9178169369697571,394,308,-0.44,3.61,0.9284507036209106,9.3,7.566666666666666,Collision,83
452,229,-0.23,3.16,0.9214571714401245,391,308,0.12,3.0,0.9249007105827332,9.333333333333334,7.6,Collision,84
454,231,-0.01,2.83,0.9179339408874512,389,308,-0.01,2.0,0.927614688873291,9.366666666666667,7.633333333333334,Collision,85
456,235,-0.58,4.47,0.9208746552467346,387,308,0.06,2.0,0.9182971715927124,9.4,7.666666666666667,Collision,86
458,237,-0.17,2.83,0.9222432971000671,386,305,0.82,3.16,0.9164808392524719,9.433333333333334,7.7,Collision,87
459,239,-0.0,2.24,0.9231730699539185,385,304,0.85,1.41,0.9142275452613831,9.466666666666667,7.733333333333333,Collision,88
460,242,-0.44,3.16,0.9251135587692261,384,301,0.58,3.16,0.9214645624160767,9.5,7.766666666666667,Collision,89
461,244,-0.21,2.24,0.9185920357704163,383,297,0.58,4.12,0.9274042844772339,9.533333333333333,7.8,Collision,90
462,246,-0.52,2.24,0.9169036149978638,382,292,0.48,5.1,0.9253821969032288,9.566666666666666,7.833333333333333,Collision,91
462,250,-0.25,4.0,0.9196852445602417,379,287,0.48,5.83,0.9174599647521973,9.6,7.866666666666666,Collision,92
462,252,-0.18,2.0,0.9294034838676453,376,282,0.2,5.83,0.9229766726493835,9.633333333333333,7.9,No Collision,92
463,254,-0.22,2.24,0.9283710718154907,374,278,0.63,4.47,0.9218345880508423,9.666666666666666,7.933333333333334,No Collision,92
462,257,-0.07,3.16,0.9292105436325073,370,273,1.03,6.4,0.9052432775497437,9.7,7.966666666666667,No Collision,92
462,259,-0.01,2.0,0.9274607300758362,365,267,0.16,7.81,0.9152734279632568,9.733333333333333,8.0,No Collision,92
461,260,-0.07,1.41,0.9283430576324463,362,263,0.11,5.0,0.9167068004608154,9.766666666666667,8.033333333333333,No Collision,92
460,261,-0.08,1.41,0.9318117499351501,357,259,0.14,6.4,0.9239321351051331,9.8,8.066666666666666,No Collision,92
458,263,-0.05,2.83,0.9284137487411499,352,254,0.11,7.07,0.9214556813240051,9.833333333333334,8.1,No Collision,92
457,264,-0.01,1.41,0.9254648685455322,348,251,-0.03,5.0,0.9164740443229675,9.866666666666667,8.133333333333333,No Collision,92
456,266,-0.1,2.24,0.9174656867980957,344,248,0.19,5.0,0.9220259785652161,9.9,8.166666666666666,No Collision,92
453,268,-0.35,3.61,0.9226096868515015,341,246,0.42,3.61,0.9243327379226685,9.933333333333334,8.2,No Collision,92
452,269,-0.07,1.41,0.9262952208518982,340,245,-0.05,1.41,0.920906662940979,9.966666666666667,8.233333333333333,No Collision,92
450,271,-0.07,2.83,0.9268333315849304,339,244,0.51,1.41,0.9135339856147766,10.0,8.266666666666667,No Collision,92
447,272,-0.23,3.16,0.9331792593002319,339,243,0.75,1.0,0.9124788641929626,10.033333333333333,8.3,No Collision,92
445,274,-0.17,2.83,0.9356503486633301,339,242,-0.05,1.0,0.9104194045066833,10.066666666666666,8.333333333333334,No Collision,92
443,275,-0.1,2.24,0.9308409094810486,340,242,-0.25,1.0,0.9210547208786011,10.1,8.366666666666667,No Collision,92
439,276,-0.18,4.12,0.9252747297286987,342,241,1.0,2.24,0.9169464111328125,10.133333333333333,8.4,No Collision,92
437,277,-0.36,2.24,0.9262756705284119,344,240,-0.05,2.24,0.9147902131080627,10.166666666666666,8.433333333333334,No Collision,92
434,277,-1.11,3.0,0.9307766556739807,349,238,-0.08,5.39,0.9185692667961121,10.2,8.466666666666667,No Collision,92
430,278,-0.35,4.12,0.9280757904052734,355,235,0.35,6.71,0.8844349384307861,10.233333333333333,8.5,Collision,93
428,278,-0.42,2.0,0.9271949529647827,359,232,0.28,5.0,0.9037946462631226,10.266666666666667,8.533333333333333,Collision,94
427,280,-0.23,2.24,0.9320325255393982,364,224,-0.02,9.43,0.9169952273368835,10.3,8.566666666666666,Collision,95
427,284,0.71,4.0,0.9280432462692261,368,215,0.33,9.85,0.912651002407074,10.333333333333334,8.6,Collision,96
427,286,0.13,2.0,0.9268145561218262,369,208,0.3,7.07,0.9066506028175354,10.366666666666667,8.633333333333333,Collision,97
428,288,1.18,2.24,0.9251890778541565,370,201,2.43,7.07,0.9251508116722107,10.4,8.666666666666666,Collision,98
429,291,0.23,3.16,0.9206591844558716,369,194,-0.41,7.07,0.9170185923576355,10.433333333333334,8.7,Collision,99
430,293,-0.29,2.24,0.9157705903053284,369,189,0.63,5.0,0.9242867231369019,10.466666666666667,8.733333333333333,No Collision,99
430,293,-0.15,0.0,0.9165118932723999,367,187,-0.06,2.83,0.9221628308296204,10.5,8.766666666666667,No Collision,99
430,294,-0.14,1.0,0.9168140292167664,366,186,0.95,1.41,0.9244511127471924,10.533333333333333,8.8,No Collision,99
431,293,-0.06,1.41,0.9147650599479675,366,185,-0.0,1.0,0.9249678254127502,10.566666666666666,8.833333333333334,No Collision,99
430,292,0.22,1.41,0.9135900139808655,366,186,-0.51,1.0,0.9220632910728455,10.6,8.866666666666667,No Collision,99
429,289,-0.1,3.16,0.9223073124885559,368,188,0.85,2.83,0.9184713363647461,10.633333333333333,8.9,No Collision,99
428,287,0.14,2.24,0.9261550903320312,370,189,-0.49,2.24,0.9187244176864624,10.666666666666666,8.933333333333334,No Collision,99
427,283,-0.18,4.12,0.93352872133255,374,191,1.14,4.47,0.919350802898407,10.7,8.966666666666667,Collision,100
425,278,-2.42,5.39,0.9328955411911011,382,193,-1.79,8.25,0.9252200126647949,10.733333333333333,9.0,Collision,101
423,277,-0.61,2.24,0.9396654963493347,387,195,-0.14,5.39,0.9264010787010193,10.766666666666667,9.033333333333333,Collision,102
420,276,-0.29,3.16,0.9321876168251038,398,196,-0.1,11.05,0.8972859382629395,10.8,9.066666666666666,Collision,103
413,277,-0.19,7.07,0.9224690794944763,414,195,1.89,16.03,0.9210758209228516,10.833333333333334,9.1,Collision,104
407,276,0.86,6.08,0.9311841726303101,425,192,-1.26,11.4,0.924885630607605,10.866666666666667,9.133333333333333,Collision,105
401,275,2.39,6.08,0.9379715919494629,440,182,4.06,18.03,0.9098764657974243,10.9,9.166666666666666,Collision,106
396,275,-0.05,5.0,0.9213935136795044,453,171,0.09,17.03,0.918759822845459,10.933333333333334,9.2,No Collision,106
394,275,-0.02,2.0,0.921373188495636,461,163,-0.58,11.31,0.921271562576294,10.966666666666667,9.233333333333333,No Collision,106
391,276,-1.11,3.16,0.9207830429077148,466,151,2.3,13.0,0.9468186497688293,11.0,9.266666666666667,No Collision,106
389,276,0.31,2.0,0.9235140681266785,465,140,0.29,11.05,0.920669436454773,11.033333333333333,9.3,No Collision,106
386,275,-0.08,3.16,0.9256204962730408,463,134,1.99,6.32,0.9148270487785339,11.066666666666666,9.333333333333334,No Collision,106
384,273,0.1,2.83,0.9307818412780762,457,128,2.08,8.49,0.9147319793701172,11.1,9.366666666666667,No Collision,106
382,271,0.1,2.83,0.9242638945579529,448,127,-1.15,9.06,0.9010286927223206,11.133333333333333,9.4,No Collision,106
379,269,0.1,3.61,0.9094372987747192,442,128,3.15,6.08,0.9051978588104248,11.166666666666666,9.433333333333334,No Collision,106
378,267,0.25,2.24,0.9249346852302551,434,133,-0.96,9.43,0.9208592772483826,11.2,9.466666666666667,No Collision,106
376,264,0.13,3.61,0.9334895610809326,425,149,-5.78,18.36,0.932040810585022,11.233333333333333,9.5,No Collision,106
375,261,-0.11,3.16,0.9337685704231262,420,160,0.84,12.08,0.9213019609451294,11.266666666666667,9.533333333333333,No Collision,106
374,258,-1.13,3.16,0.9324713349342346,418,177,-2.83,17.12,0.9189445376396179,11.3,9.566666666666666,Collision,107
365,262,-0.09,9.85,0.9257256388664246,427,195,0.69,20.12,0.9211470484733582,11.333333333333334,9.6,Collision,108
354,272,0.62,14.87,0.919284999370575,440,202,0.84,14.76,0.9269435405731201,11.366666666666667,9.633333333333333,No Collision,108
339,286,-0.55,20.52,0.9349225759506226,461,207,0.24,21.59,0.9349130392074585,11.4,9.666666666666666,No Collision,108
327,297,-1.22,16.28,0.9355294108390808,483,208,0.26,22.02,0.9289731383323669,11.433333333333334,9.7,No Collision,108
322,303,-0.82,7.81,0.9392151832580566,498,207,1.06,15.03,0.9259928464889526,11.466666666666667,9.733333333333333,No Collision,108
320,307,-0.52,4.47,0.9402117729187012,516,204,-1.7,18.25,0.9275616407394409,11.5,9.766666666666667,No Collision,108
320,311,-0.66,4.0,0.9364663362503052,532,200,-3.99,16.49,0.92807537317276,11.533333333333333,9.8,No Collision,108
321,312,-0.37,1.41,0.931786060333252,542,193,0.08,12.21,0.9204913377761841,11.566666666666666,9.833333333333334,No Collision,108
324,314,0.12,3.61,0.9299113750457764,550,186,-1.13,10.63,0.8741241097450256,11.6,9.866666666666667,No Collision,108
327,315,-0.1,3.16,0.9269963502883911,554,177,0.31,9.85,0.9255156517028809,11.633333333333333,9.9,No Collision,108
330,315,-0.53,3.0,0.9262705445289612,554,171,-3.47,6.0,0.9243186712265015,11.666666666666666,9.933333333333334,No Collision,108
334,315,-0.07,4.0,0.9426915645599365,550,168,1.25,5.0,0.923872172832489,11.7,9.966666666666667,No Collision,108
338,314,-0.07,4.12,0.9434011578559875,540,168,1.01,10.0,0.9244202375411987,11.733333333333333,10.0,No Collision,108
341,313,-0.07,3.16,0.9424870610237122,532,167,-0.82,8.06,0.9165703058242798,11.766666666666667,10.033333333333333,No Collision,108
345,310,0.57,5.0,0.931975781917572,519,178,0.92,17.03,0.8991518020629883,11.8,10.066666666666666,No Collision,108
350,306,1.34,6.4,0.9265217781066895,502,191,-0.24,21.4,0.9207122325897217,11.833333333333334,10.1,No Collision,108
353,302,0.34,5.0,0.9302738904953003,490,200,0.85,15.0,0.927387535572052,11.866666666666667,10.133333333333333,No Collision,108
358,295,1.22,8.6,0.919985294342041,475,214,-2.37,20.52,0.9349697232246399,11.9,10.166666666666666,No Collision,108
362,289,0.29,7.21,0.9193413257598877,461,229,-0.65,20.52,0.9153630137443542,11.933333333333334,10.2,No Collision,108
366,285,0.11,5.66,0.9314566254615784,451,242,-2.36,16.4,0.9128027558326721,11.966666666666667,10.233333333333333,No Collision,108
365,281,0.32,4.12,0.9357736110687256,451,258,6.47,16.0,0.9136622548103333,12.0,10.266666666666667,No Collision,108
351,276,0.05,14.87,0.9241812229156494,467,269,4.72,19.42,0.9228355288505554,12.033333333333333,10.3,No Collision,108
344,271,0.27,8.6,0.9281510710716248,481,276,-2.85,15.65,0.9289003014564514,12.066666666666666,10.333333333333334,No Collision,108
339,265,0.0,7.81,0.9265799522399902,499,284,-1.98,19.7,0.9334287047386169,12.1,10.366666666666667,No Collision,108
338,261,0.13,4.12,0.9355449676513672,518,290,-0.86,19.92,0.9308902025222778,12.133333333333333,10.4,No Collision,108
338,259,0.09,2.0,0.9362517595291138,531,294,-3.94,13.6,0.9325681328773499,12.166666666666666,10.433333333333334,No Collision,108
340,256,-0.47,3.61,0.9414376616477966,548,296,-2.7,17.12,0.9354386925697327,12.2,10.466666666666667,No Collision,108
342,255,1.22,2.24,0.9304315447807312,565,294,-4.43,17.12,0.9090018272399902,12.233333333333333,10.5,No Collision,108
346,254,0.32,4.12,0.9239587783813477,575,292,0.89,10.2,0.8452073931694031,12.266666666666667,10.533333333333333,No Collision,108
348,253,-0.22,2.24,0.9214120507240295,576,285,1.34,7.07,0.9017049670219421,12.3,10.566666666666666,No Collision,108
350,252,0.86,2.24,0.9204285144805908,570,277,0.22,10.0,0.9107509255409241,12.333333333333334,10.6,No Collision,108
352,251,1.6,2.24,0.9207908511161804,560,269,0.09,12.81,0.9103633761405945,12.366666666666667,10.633333333333333,No Collision,108
354,250,-0.43,2.24,0.9197839498519897,553,266,0.41,7.62,0.9293164610862732,12.4,10.666666666666666,No Collision,108
356,249,3.31,2.24,0.9182386994361877,541,263,0.46,12.37,0.9263982772827148,12.433333333333334,10.7,No Collision,108
358,248,0.04,2.24,0.9222400784492493,527,261,1.05,14.14,0.9284241199493408,12.466666666666667,10.733333333333333,No Collision,108
360,247,0.03,2.24,0.9301389455795288,515,261,-0.85,12.0,0.9298923015594482,12.5,10.766666666666667,No Collision,108
362,246,5.56,2.24,0.9313169121742249,496,263,-0.32,19.1,0.9281030297279358,12.533333333333333,10.8,No Collision,108
364,244,0.48,2.83,0.920325517654419,475,266,-0.44,21.21,0.9316704273223877,12.566666666666666,10.833333333333334,No Collision,108
366,243,0.44,2.24,0.9188657999038696,460,268,0.67,15.13,0.9168709516525269,12.6,10.866666666666667,No Collision,108
365,239,9.03,4.12,0.9257192611694336,445,273,3.84,15.81,0.9314325451850891,12.633333333333333,10.9,Collision,109
359,232,-5.44,9.22,0.9241202473640442,435,285,-3.02,15.62,0.9219986200332642,12.666666666666666,10.933333333333334,Collision,110
356,228,-0.85,5.0,0.9175766706466675,431,293,-0.02,8.94,0.9231041073799133,12.7,10.966666666666667,Collision,111
357,222,-2.51,6.08,0.918677031993866,431,304,-0.34,11.0,0.9233223795890808,12.733333333333333,11.0,Collision,112
360,218,-0.32,5.0,0.930939793586731,431,318,1.86,14.0,0.9244399070739746,12.766666666666667,11.033333333333333,No Collision,112
363,216,0.15,3.61,0.9328767657279968,434,326,-0.02,8.54,0.9251963496208191,12.8,11.066666666666666,No Collision,112
370,215,0.75,7.07,0.9256183505058289,437,332,-0.41,6.71,0.9050782322883606,12.833333333333334,11.1,No Collision,112
375,214,0.42,5.1,0.9316902160644531,442,337,-2.62,7.07,0.8934958577156067,12.866666666666667,11.133333333333333,No Collision,112
378,214,-0.16,3.0,0.930665135383606,445,339,-0.84,3.61,0.9084491729736328,12.9,11.166666666666666,No Collision,112
383,216,-0.22,5.39,0.9318585991859436,447,336,0.37,3.61,0.9099910855293274,12.933333333333334,11.2,No Collision,112
386,218,0.47,3.61,0.9264596104621887,448,334,-0.18,2.24,0.910145103931427,12.966666666666667,11.233333333333333,No Collision,112
390,219,-0.46,4.12,0.9318199157714844,449,331,1.38,3.16,0.9126809239387512,13.0,11.266666666666667,No Collision,112
392,221,-0.65,2.83,0.9262149333953857,448,326,-0.65,5.1,0.9318734407424927,13.033333333333333,11.3,No Collision,112
396,222,-0.99,4.12,0.9258177876472473,445,317,-4.07,9.49,0.9273881316184998,13.066666666666666,11.333333333333334,Collision,113
398,222,-0.56,2.0,0.917140781879425,442,310,-0.54,7.62,0.9288367629051208,13.1,11.366666666666667,Collision,114
400,220,1.48,2.83,0.9005534052848816,434,301,2.95,12.04,0.9362829327583313,13.133333333333333,11.4,Collision,115
402,210,-4.8,10.2,0.9141413569450378,425,299,0.72,9.22,0.9337676167488098,13.166666666666666,11.433333333333334,Collision,116
403,201,-0.14,9.06,0.9147865176200867,419,303,0.34,7.21,0.9253173470497131,13.2,11.466666666666667,No Collision,116
407,191,-0.29,10.77,0.929512619972229,412,308,-0.49,8.6,0.9129523634910583,13.233333333333333,11.5,No Collision,116
410,187,0.58,5.0,0.9258299469947815,405,312,-1.7,8.06,0.9298489093780518,13.266666666666667,11.533333333333333,No Collision,116
411,185,-0.14,2.24,0.9259815812110901,401,314,-1.78,4.47,0.9008263945579529,13.3,11.566666666666666,No Collision,116
411,185,0.24,0.0,0.9280356764793396,398,316,-0.64,3.61,0.9129623174667358,13.333333333333334,11.6,No Collision,116
411,186,0.14,1.0,0.928372323513031,395,318,-0.78,3.61,0.902751088142395,13.366666666666667,11.633333333333333,No Collision,116
411,187,0.04,1.0,0.9284892678260803,393,316,1.8,2.83,0.9130979180335999,13.4,11.666666666666666,No Collision,116
412,189,-0.23,2.24,0.9270832538604736,392,314,-0.48,2.24,0.9113354086875916,13.433333333333334,11.7,No Collision,116
412,192,0.05,3.0,0.9235591888427734,390,311,0.87,3.61,0.9345764517784119,13.466666666666667,11.733333333333333,No Collision,116
412,194,-0.44,2.0,0.9221371412277222,389,307,0.58,4.12,0.9253760576248169,13.5,11.766666666666667,No Collision,116
413,197,0.05,3.16,0.9315831065177917,388,300,1.74,7.07,0.9268723130226135,13.533333333333333,11.8,Collision,117
413,200,-0.55,3.0,0.9125540852546692,386,289,-0.59,11.18,0.9182146787643433,13.566666666666666,11.833333333333334,Collision,118
413,202,0.15,2.0,0.9104232788085938,384,284,-1.59,5.39,0.9245851039886475,13.6,11.866666666666667,Collision,119
416,206,0.82,5.0,0.9128583669662476,378,279,1.12,7.81,0.9305570721626282,13.633333333333333,11.9,Collision,120
421,207,-0.84,5.1,0.9354733228683472,366,276,-1.05,12.37,0.9463979005813599,13.666666666666666,11.933333333333334,Collision,121
423,209,0.03,2.83,0.9422404170036316,358,278,0.38,8.25,0.9330958127975464,13.7,11.966666666666667,Collision,122
424,212,0.32,3.16,0.9291427135467529,347,277,2.21,11.05,0.9249750375747681,13.733333333333333,12.0,Collision,123
426,214,0.02,2.83,0.9325224161148071,335,284,0.03,13.89,0.9252561330795288,13.766666666666667,12.033333333333333,No Collision,123
427,216,0.03,2.24,0.9331763982772827,327,286,1.81,8.25,0.9178584814071655,13.8,12.066666666666666,No Collision,123
428,220,-1.47,4.12,0.9304706454277039,320,292,-2.26,9.22,0.9327845573425293,13.833333333333334,12.1,No Collision,123
429,223,0.12,3.16,0.9239552021026611,317,296,1.51,5.0,0.9334633946418762,13.866666666666667,12.133333333333333,No Collision,123
429,225,-0.16,2.0,0.9251558184623718,316,297,-3.24,1.41,0.9308331608772278,13.9,12.166666666666666,No Collision,123
430,228,-1.62,3.16,0.9257428050041199,320,299,1.81,4.47,0.9275762438774109,13.933333333333334,12.2,No Collision,123
430,232,-0.68,4.0,0.9273725748062134,325,300,-0.57,5.1,0.9236146211624146,13.966666666666667,12.233333333333333,No Collision,123
430,235,-0.55,3.0,0.9277400374412537,329,300,1.64,4.0,0.9257983565330505,14.0,12.266666666666667,No Collision,123
429,237,-0.62,2.24,0.9292013049125671,337,296,0.71,8.94,0.9281577467918396,14.033333333333333,12.3,No Collision,123
429,240,-1.58,3.0,0.9237797260284424,348,292,-3.81,11.7,0.9211521148681641,14.066666666666666,12.333333333333334,Collision,124
429,243,0.3,3.0,0.9209845066070557,357,286,2.72,10.82,0.9234310388565063,14.1,12.366666666666667,Collision,125
433,245,-1.82,4.47,0.9222292304039001,358,279,-4.53,7.07,0.9280421137809753,14.133333333333333,12.4,Collision,126
437,246,0.65,4.12,0.9186131358146667,356,274,3.09,5.39,0.9221657514572144,14.166666666666666,12.433333333333334,Collision,127
438,248,0.01,2.24,0.9177279472351074,354,271,-1.73,3.61,0.90849769115448,14.2,12.466666666666667,Collision,128
438,250,0.26,2.0,0.9217774271965027,350,265,2.24,7.21,0.9031428694725037,14.233333333333333,12.5,No Collision,128
437,254,0.0,4.12,0.9213917255401611,347,262,-0.73,4.24,0.910740852355957,14.266666666666667,12.533333333333333,No Collision,128
437,255,-0.48,1.0,0.9235967397689819,346,259,0.77,3.16,0.9056246280670166,14.3,12.566666666666666,No Collision,128
436,257,-0.34,2.24,0.9262345433235168,346,255,-1.65,4.0,0.9095280170440674,14.333333333333334,12.6,No Collision,128
434,259,-0.43,2.83,0.9282997846603394,347,250,4.1,5.1,0.898773193359375,14.366666666666667,12.633333333333333,Collision,129
433,259,-0.07,1.0,0.9290655255317688,349,248,-3.83,2.83,0.8958972692489624,14.4,12.666666666666666,Collision,130
433,261,-0.15,2.0,0.9312023520469666,348,242,-0.35,6.08,0.8966408967971802,14.433333333333334,12.7,Collision,131
431,261,0.48,2.0,0.9282161593437195,347,236,1.18,6.08,0.8483645915985107,14.466666666666667,12.733333333333333,Collision,132
429,261,-0.25,2.0,0.9275972843170166,345,232,2.37,4.47,0.8981670141220093,14.5,12.766666666666667,No Collision,132
428,263,-0.81,2.24,0.9271301627159119,344,225,-1.64,7.07,0.8813481330871582,14.533333333333333,12.8,No Collision,132
425,263,0.12,3.0,0.928732693195343,342,218,3.4,7.28,0.8899779319763184,14.566666666666666,12.833333333333334,Collision,133
424,265,0.06,2.24,0.9221014976501465,341,213,0.19,5.1,0.9137617349624634,14.6,12.866666666666667,No Collision,133
421,265,-0.4,3.0,0.9257453083992004,342,208,1.03,5.1,0.900200366973877,14.633333333333333,12.9,Collision,134
419,265,-0.59,2.0,0.9258185029029846,346,206,-0.68,4.47,0.888170063495636,14.666666666666666,12.933333333333334,Collision,135
417,266,-0.6,2.24,0.9263235330581665,347,204,-0.12,2.24,0.9009007811546326,14.7,12.966666666666667,Collision,136
414,266,-1.07,3.0,0.9254885911941528,352,202,4.55,5.39,0.8950864672660828,14.733333333333333,13.0,Collision,137
411,266,-0.92,3.0,0.9228141903877258,360,199,-3.91,8.54,0.8767774105072021,14.766666666666667,13.033333333333333,Collision,138
410,267,1.15,1.41,0.9265714287757874,365,198,6.03,5.1,0.8998182415962219,14.8,13.066666666666666,Collision,139
407,267,-0.67,3.0,0.9261369109153748,372,195,-5.63,7.62,0.8997906446456909,14.833333333333334,13.1,Collision,140
405,267,-1.61,2.0,0.9400964975357056,380,190,1.95,9.43,0.9248219132423401,14.866666666666667,13.133333333333333,Collision,141
403,266,-0.31,2.24,0.9198578000068665,385,186,-0.95,6.4,0.9199991822242737,14.9,13.166666666666666,Collision,142
400,265,0.19,3.16,0.9205836653709412,391,181,1.84,7.81,0.9223219156265259,14.933333333333334,13.2,Collision,143
398,264,1.0,2.24,0.9131715297698975,400,176,-1.25,10.3,0.8936529755592346,14.966666666666667,13.233333333333333,Collision,144
396,263,1.06,2.24,0.9289331436157227,405,172,1.24,6.4,0.9052566885948181,15.0,13.266666666666667,Collision,145
395,262,0.51,1.41,0.9270418286323547,411,170,2.71,6.32,0.9224351048469543,15.033333333333333,13.3,Collision,146
393,261,0.19,2.24,0.9282935261726379,418,167,0.65,7.62,0.9189138412475586,15.066666666666666,13.333333333333334,Collision,147
391,259,-0.2,2.83,0.9262202978134155,421,166,2.43,3.16,0.9233956336975098,15.1,13.366666666666667,Collision,148
390,257,-0.53,2.24,0.9288244843482971,425,166,-0.86,4.0,0.9374489188194275,15.133333333333333,13.4,Collision,149
389,255,0.07,2.24,0.9297565817832947,428,167,-1.97,3.16,0.9258583188056946,15.166666666666666,13.433333333333334,Collision,150
389,254,0.14,1.0,0.9284149408340454,430,170,-0.03,3.61,0.8955268859863281,15.2,13.466666666666667,Collision,151
388,252,0.44,2.24,0.9264707565307617,434,174,-0.38,5.66,0.9031124711036682,15.233333333333333,13.5,Collision,152
388,249,0.61,3.0,0.9236962199211121,438,184,-1.26,10.77,0.8262079358100891,15.266666666666667,13.533333333333333,Collision,153
386,246,0.6,3.61,0.9274629950523376,444,188,4.63,7.21,0.8641325235366821,15.3,13.566666666666666,Collision,154
382,242,0.2,5.66,0.9216521978378296,453,197,-2.55,12.73,0.887927234172821,15.333333333333334,13.6,Collision,155
376,240,0.16,6.32,0.9185197949409485,465,204,-9.12,13.89,0.9086541533470154,15.366666666666667,13.633333333333333,No Collision,155
374,238,0.46,2.83,0.916894793510437,473,206,4.22,8.25,0.9229193925857544,15.4,13.666666666666666,No Collision,155
371,238,-0.05,3.0,0.9201384782791138,479,212,1.71,8.49,0.9238172769546509,15.433333333333334,13.7,No Collision,155
368,237,0.17,3.16,0.9196440577507019,480,219,-8.43,7.07,0.9221291542053223,15.466666666666667,13.733333333333333,No Collision,155
367,236,0.5,1.41,0.9234482645988464,479,224,-0.11,5.1,0.9190679788589478,15.5,13.766666666666667,No Collision,155
366,236,0.13,1.0,0.9257356524467468,473,231,-0.91,9.22,0.9279619455337524,15.533333333333333,13.8,No Collision,155
366,236,0.1,0.0,0.9286516904830933,468,237,0.6,7.81,0.9243497252464294,15.566666666666666,13.833333333333334,No Collision,155
365,236,0.74,1.0,0.9318334460258484,465,243,-2.26,6.71,0.9319694638252258,15.6,13.866666666666667,No Collision,155
366,236,1.05,1.0,0.9215897917747498,458,249,1.91,9.22,0.9157589077949524,15.633333333333333,13.9,No Collision,155
365,234,0.53,2.24,0.9137661457061768,450,256,-0.55,10.63,0.9313515424728394,15.666666666666666,13.933333333333334,No Collision,155
366,235,-0.27,1.41,0.9124846458435059,443,258,-0.68,7.28,0.9342959523200989,15.7,13.966666666666667,Collision,156
365,227,0.68,8.06,0.9068702459335327,437,270,-1.38,13.42,0.9140607714653015,15.733333333333333,14.0,Collision,157
365,224,0.78,3.0,0.9169923067092896,431,284,2.16,15.23,0.9204549193382263,15.766666666666667,14.033333333333333,Collision,158
365,222,0.89,2.0,0.9173164963722229,428,296,1.5,12.37,0.9317319393157959,15.8,14.066666666666666,Collision,159
366,221,0.79,1.41,0.9170483350753784,428,306,-2.71,10.0,0.9166611433029175,15.833333333333334,14.1,Collision,160
367,220,0.41,1.41,0.9196123480796814,426,315,9.78,9.22,0.9212144017219543,15.866666666666667,14.133333333333333,Collision,161
368,219,2.45,1.41,0.9216639399528503,427,320,2.08,5.1,0.9202578067779541,15.9,14.166666666666666,Collision,162
370,218,0.88,2.24,0.9337691068649292,432,326,-0.28,7.81,0.9281708598136902,15.933333333333334,14.2,No Collision,162
373,217,0.27,3.16,0.9219436645507812,437,327,0.32,5.1,0.9272633194923401,15.966666666666667,14.233333333333333,No Collision,162
375,218,1.02,2.24,0.9237978458404541,440,326,-0.16,3.16,0.9212558269500732,16.0,14.266666666666667,No Collision,162
378,219,1.61,3.16,0.9262845516204834,441,325,-1.13,1.41,0.9163128733634949,16.033333333333335,14.3,No Collision,162
381,220,0.48,3.16,0.9294117093086243,439,325,-2.42,2.0,0.9326794147491455,16.066666666666666,14.333333333333334,No Collision,162
383,220,0.23,2.0,0.9267032742500305,437,324,-0.5,2.24,0.9176841974258423,16.1,14.366666666666667,No Collision,162
387,221,0.01,4.12,0.9192936420440674,434,321,-3.29,4.24,0.9228472113609314,16.133333333333333,14.4,Collision,163
390,222,-0.13,3.16,0.9153337478637695,431,315,-6.02,6.71,0.9203307032585144,16.166666666666668,14.433333333333334,Collision,164
392,223,0.85,2.24,0.9143818616867065,430,311,-1.84,4.12,0.9200096130371094,16.2,14.466666666666667,Collision,165
395,224,-0.02,3.16,0.9139600992202759,432,302,-0.59,9.22,0.9195852279663086,16.233333333333334,14.5,Collision,166
398,226,-1.32,3.61,0.9065504670143127,437,294,-0.35,9.43,0.91363525390625,16.266666666666666,14.533333333333333,Collision,167
401,228,-0.47,3.61,0.9103238582611084,440,290,0.47,5.0,0.9131014943122864,16.3,14.566666666666666,Collision,168
404,227,0.37,3.16,0.9156631231307983,442,288,2.58,2.83,0.9116932153701782,16.333333333333332,14.6,Collision,169
409,228,-0.78,5.1,0.9310852885246277,444,288,-0.03,2.0,0.9340779185295105,16.366666666666667,14.633333333333333,Collision,170
411,228,-1.84,2.0,0.931681215763092,446,288,-0.92,2.0,0.9261555671691895,16.4,14.666666666666666,Collision,171
413,230,0.02,2.83,0.9221116304397583,449,287,0.41,3.16,0.9196088910102844,16.433333333333334,14.7,Collision,172
415,231,-1.5,2.24,0.9068006873130798,453,287,0.09,4.0,0.9102243185043335,16.466666666666665,14.733333333333333,Collision,173
417,232,0.79,2.24,0.9134459495544434,455,287,0.6,2.0,0.9098585247993469,16.5,14.766666666666667,Collision,174
417,230,-1.51,2.0,0.9057453870773315,455,289,-2.21,2.0,0.9110450744628906,16.533333333333335,14.8,Collision,175
418,229,-0.79,1.41,0.9097774028778076,453,293,0.63,4.47,0.8998790979385376,16.566666666666666,14.833333333333334,Collision,176
418,229,0.0,0.0,0.9130354523658752,451,295,-0.16,2.83,0.9168757200241089,16.6,14.866666666666667,Collision,177
418,229,-0.32,0.0,0.9121155142784119,449,297,-0.85,2.83,0.9300235509872437,16.633333333333333,14.9,Collision,178
419,228,-1.05,1.41,0.9142717719078064,447,299,-0.77,2.83,0.9323441386222839,16.666666666666668,14.933333333333334,Collision,179
419,228,0.16,0.0,0.9144070744514465,447,299,0.21,0.0,0.9321956634521484,16.7,14.966666666666667,Collision,180
418,228,0.22,1.0,0.9109742641448975,447,298,0.45,1.0,0.9283702969551086,16.733333333333334,15.0,Collision,181
418,228,-0.2,0.0,0.9110766649246216,448,297,0.26,1.41,0.9170548319816589,16.766666666666666,15.033333333333333,Collision,182
418,228,0.86,0.0,0.9112726449966431,449,296,0.76,1.41,0.9104418158531189,16.8,15.066666666666666,Collision,183
417,228,-0.29,1.0,0.9100731015205383,450,295,-0.24,1.41,0.9180920720100403,16.833333333333332,15.1,Collision,184
417,228,0.03,0.0,0.9108097553253174,451,296,-0.27,1.41,0.9101515412330627,16.866666666666667,15.133333333333333,Collision,185
416,228,-0.04,1.0,0.9087082147598267,451,295,-0.16,1.0,0.9076650738716125,16.9,15.166666666666666,Collision,186
416,229,-0.31,1.0,0.9068212509155273,452,296,-0.61,1.41,0.9053718447685242,16.933333333333334,15.2,Collision,187
415,230,-0.21,1.41,0.9062697887420654,452,295,-0.02,1.0,0.9044432640075684,16.966666666666665,15.233333333333333,Collision,188
415,231,-1.21,1.0,0.9049824476242065,453,295,-0.2,1.0,0.9135787487030029,17.0,15.266666666666667,Collision,189
415,231,-0.19,0.0,0.9166935682296753,454,295,-0.41,1.0,0.9029377102851868,17.033333333333335,15.3,Collision,190
414,232,-0.63,1.41,0.9223819375038147,453,295,-0.18,1.0,0.9097744226455688,17.066666666666666,15.333333333333334,Collision,191
414,232,0.44,0.0,0.9210358262062073,453,295,0.3,0.0,0.9089226722717285,17.1,15.366666666666667,Collision,192
413,232,0.13,1.0,0.9225450158119202,454,295,0.21,1.0,0.9060240983963013,17.133333333333333,15.4,Collision,193
411,234,0.04,2.83,0.9268223643302917,453,295,-0.32,1.0,0.9086817502975464,17.166666666666668,15.433333333333334,Collision,194
410,234,-0.06,1.0,0.9232324361801147,453,295,-0.1,0.0,0.9096566438674927,17.2,15.466666666666667,Collision,195
410,235,0.3,1.0,0.9238935708999634,453,295,-0.21,0.0,0.9109967350959778,17.233333333333334,15.5,Collision,196
409,236,0.27,1.41,0.9242700934410095,453,295,0.08,0.0,0.9136132597923279,17.266666666666666,15.533333333333333,Collision,197
409,237,-0.24,1.0,0.9247806072235107,454,295,-0.27,1.0,0.9142433404922485,17.3,15.566666666666666,Collision,198
408,238,-0.38,1.41,0.9245895743370056,454,295,0.07,0.0,0.914788007736206,17.333333333333332,15.6,Collision,199
408,239,-0.2,1.0,0.9287499785423279,454,296,-0.24,1.0,0.9143526554107666,17.366666666666667,15.633333333333333,Collision,200
408,239,-0.1,0.0,0.9288861155509949,454,296,-0.04,0.0,0.914207398891449,17.4,15.666666666666666,Collision,201
407,240,-0.29,1.41,0.933327853679657,454,295,-0.08,1.0,0.9178298711776733,17.433333333333334,15.7,Collision,202
407,241,-0.21,1.0,0.9330483675003052,454,295,-0.03,0.0,0.9218073487281799,17.466666666666665,15.733333333333333,Collision,203
406,241,0.54,1.0,0.9307859539985657,454,295,0.07,0.0,0.9198024272918701,17.5,15.766666666666667,Collision,204
406,241,0.23,0.0,0.9284203052520752,454,295,-0.14,0.0,0.9247786402702332,17.533333333333335,15.8,Collision,205
